{
  "name": "custom.remote.python.space_x",
  "version": "1.17",
  "type": "python",
  "entity": "CUSTOM_DEVICE",
  "processTypeNames": ["PYTHON"],
  "technologies": ["SpaceX Ships"],
  "metricGroup": "spacex",
  "source": {
    "package": "space_x_plugin",
    "className": "SpaceXPlugin",
    "install_requires": ["requests>=2.6.0", "python-dateutil>=2.8.0"],
    "activation": "Remote"
  },
  "metrics": [
    {
      "timeseries": {
        "key": "thrust",
        "unit": "Percent",
        "displayname": "Thrust",
        "dimensions": [ "engine" ]
      }
    },    
    {
      "timeseries": {
        "key": "fuel",
        "unit": "Unspecified",
        "aggregation": "avg",
        "displayname": "Fuel"
      }
    },    
    {
      "timeseries": {
        "key": "speed",
        "unit": "Unspecified",
        "aggregation": "avg",
        "displayname": "Speed(Knots)"
      }
    },
    {
      "entity": "CUSTOM_DEVICE", 
      "statetimeseries": {
        "key": "status",
        "states": [ "Moored", "Underway", "Stopped", "Class_B", "Restricted", "Unknown", "Other"],
        "displayname": "Status"
      },
      "source": {
        "Moored": [ "Moored" ],
        "Stopped": [ "Stopped" ],
        "Class B": [ "Class_B" ],
        "Underway": [ "Underway", "Underway Using Engine", "Pushing Ahead - Towing" ],
        "Restricted": [ "Restricted Manoeuvrability" ]
      }
    }        
  ],
  "ui": {
    "keymetrics" : [
      {
        "key" : "thrust",
        "aggregation" : "avg",
        "mergeaggregation" : "avg",
        "displayname" : "Thrust"
      },
      {
        "key": "speed",
        "aggregation" : "avg",
        "mergeaggregation" : "avg",
        "displayname": "Speed(Knots)"
      }
    ],
    "keycharts": [
      {
        "group": "Thrust",
        "title": "Thrust",
        "description": "Thrust",
        "series": [
          {
            "key": "thrust",
            "aggregation": "avg",
            "displayname": "Thrust"
          }
        ]
      },      
      {
        "group": "Fuel",
        "title": "Fuel",
        "description": "Fuel",
        "series": [
          {
            "key": "fuel",
            "aggregation": "min",
            "displayname": "Fuel"
          }
        ]
      },      
      {
        "group": "Speed",
        "title": "Speed",
        "description": "Speed",
        "series": [
          {
            "key": "speed",
            "aggregation": "avg",
            "displayname": "Speed"
          }
        ]
      }      
    ],
    "charts": [
      {
        "group": "Thrust",
        "title": "Thrust",
        "description": "Thrust",
        "series": [
          {
            "key": "thrust",
            "aggregation": "avg",
            "mergeaggregation" : "avg",
            "displayname": "Thrust",
            "dimensions": [ "engine" ]
          }
        ]
      },
      {
        "group": "Fuel",
        "title": "Fuel",
        "description": "Fuel",
        "series": [
          {
            "key": "fuel",
            "aggregation": "min",
            "displayname": "Fuel"
          }
        ]
      }    ]
  },
  "properties" : [
		{
      "key": "url",
      "type": "String",
      "defaultValue": "http://localhost:5000",
      "displayOrder": 1
		}    
  ],
  "configUI" :{
    "displayName": "Space X",
    "properties" : [
      { "key" : "url", "displayName": "URL", "displayOrder": 1 }
		]
  }
}